DEP,|,SEM,|,ID,|,NAME,|,TIME,DATA,PRESENT


4/2023,Present
('Civil',),('Semester2',),('3',),('shanthu',),14:28:37,04/22/23/04/2023,Present
('Civil',),('Semester3',),('1',),('shivu',),14:28:38,04/22/23/04/2023,Present
('Civil',),('Semester3',),('1',),('shivu',),14:28:38,04/22/23/04/2023,Present
('Civil',),('Semester2',),('3',),('shanthu',),14:28:38,04/22/23/04/2023,Present
('Civil',),('Semester2',),('3',),('shanthu',),14:28:38,04/22/23/04/2023,Present
('Civil',),('Semester4',),('2',),('priya',),14:28:38,04/22/23/04/2023,Present
('Civil',),('Semester4',),('2',),('priya',),14:28:38,04/22/23/04/2023,Present
('Civil',),('Semester3',),('1',),('shivu',),14:28:38,04/22/23/04/2023,Present
('Civil',),('Semester3',),('1',),('shivu',),14:28:38,04/22/23/04/2023,Present
('Civil',),('Semester2',),('3',),('shanthu',),14:28:38,04/22/23/04/2023,Present
('Civil',),('Semester2',),('3',),('shanthu',),14:28:38,04/22/23/04/2023,Present
('Civil',),('Semester4',),('2',),('priya',),14:28:38,04/22/23/04/2023,Present
('Civil',),('Semester4',),('2',),('priya',),14:28:38,04/22/23/04/2023,Present
('Civil',),('Semester3',),('1',),('shivu',),14:28:39,04/22/23/04/2023,Present
('Civil',),('Semester3',),('1',),('shivu',),14:28:39,04/22/23/04/2023,Present
('Civil',),('Semester4',),('2',),('priya',),14:28:39,04/22/23/04/2023,Present
('Civil',),('Semester4',),('2',),('priya',),14:28:39,04/22/23/04/2023,Present
('Civil',),('Semester2',),('3',),('shanthu',),14:28:39,04/22/23/04/2023,Present
('Civil',),('Semester2',),('3',),('shanthu',),14:28:39,04/22/23/04/2023,Present
('Civil',),('Semester2',),('3',),('shanthu',),14:28:39,04/22/23/04/2023,Present
('Civil',),('Semester2',),('3',),('shanthu',),14:28:39,04/22/23/04/2023,Present
('Civil',),('Semester4',),('2',),('priya',),14:28:39,04/22/23/04/2023,Present
('Civil',),('Semester4',),('2',),('priya',),14:28:39,04/22/23/04/2023,Present
('Civil',),('Semester2',),('3',),('shanthu',),14:28:39,04/22/23/04/2023,Present
('Civil',),('Semester2',),('3',),('shanthu',),14:28:39,04/22/23/04/2023,Present
('Civil',),('Semester2',),('3',),('shanthu',),14:28:39,04/22/23/04/2023,Present
('Civil',),('Semester2',),('3',),('shanthu',),14:28:39,04/22/23/04/2023,Present
('Civil',),('Semester4',),('2',),('priya',),14:28:39,04/22/23/04/2023,Present
('Civil',),('Semester4',),('2',),('priya',),14:28:40,04/22/23/04/2023,Present
('Civil',),('Semester2',),('3',),('shanthu',),14:28:40,04/22/23/04/2023,Present
('Civil',),('Semester2',),('3',),('shanthu',),14:28:40,04/22/23/04/2023,Present
('Civil',),('Semester3',),('1',),('shivu',),14:28:40,04/22/23/04/2023,Present
('Civil',),('Semester3',),('1',),('shivu',),14:28:40,04/22/23/04/2023,Present
('Civil',),('Semester4',),('2',),('priya',),14:28:40,04/22/23/04/2023,Present
('Civil',),('Semester4',),('2',),('priya',),14:28:40,04/22/23/04/2023,Present
('Civil',),('Semester2',),('3',),('shanthu',),14:28:40,04/22/23/04/2023,Present
('Civil',),('Semester2',),('3',),('shanthu',),14:28:40,04/22/23/04/2023,Present
('Civil',),('Semester3',),('1',),('shivu',),14:28:40,04/22/23/04/2023,Present
('Civil',),('Semester3',),('1',),('shivu',),14:28:40,04/22/23/04/2023,Present
('Civil',),('Semester2',),('3',),('shanthu',),14:28:40,04/22/23/04/2023,Present
('Civil',),('Semester2',),('3',),('shanthu',),14:28:40,04/22/23/04/2023,Present
('Civil',),('Semester4',),('2',),('priya',),14:28:40,04/22/23/04/2023,Present
('Civil',),('Semester4',),('2',),('priya',),14:28:40,04/22/23/04/2023,Present
('Civil',),('Semester3',),('1',),('shivu',),14:28:41,04/22/23/04/2023,Present
('Civil',),('Semester3',),('1',),('shivu',),14:28:41,04/22/23/04/2023,Present
('Civil',),('Semester2',),('3',),('shanthu',),14:28:41,04/22/23/04/2023,Present
('Civil',),('Semester2',),('3',),('shanthu',),14:28:41,04/22/23/04/2023,Present
('Civil',),('Semester4',),('2',),('priya',),14:28:41,04/22/23/04/2023,Present
('Civil',),('Semester4',),('2',),('priya',),14:28:41,04/22/23/04/2023,Present
('Civil',),('Semester3',),('1',),('shivu',),14:28:41,04/22/23/04/2023,Present
('Civil',),('Semester3',),('1',),('shivu',),14:28:41,04/22/23/04/2023,Present
('Civil',),('Semester2',),('3',),('shanthu',),14:28:41,04/22/23/04/2023,Present
('Civil',),('Semester2',),('3',),('shanthu',),14:28:41,04/22/23/04/2023,Present
('Civil',),('Semester4',),('2',),('priya',),14:28:41,04/22/23/04/2023,Present
('Civil',),('Semester4',),('2',),('priya',),14:28:41,04/22/23/04/2023,Present
('Civil',),('Semester3',),('1',),('shivu',),14:28:41,04/22/23/04/2023,Present
('Civil',),('Semester3',),('1',),('shivu',),14:28:41,04/22/23/04/2023,Present
('Civil',),('Semester2',),('3',),('shanthu',),14:28:42,04/22/23/04/2023,Present
('Civil',),('Semester2',),('3',),('shanthu',),14:28:42,04/22/23/04/2023,Present
('Civil',),('Semester4',),('2',),('priya',),14:28:42,04/22/23/04/2023,Present
('Civil',),('Semester4',),('2',),('priya',),14:28:42,04/22/23/04/2023,Present
('Civil',),('Semester3',),('1',),('shivu',),14:28:42,04/22/23/04/2023,Present
('Civil',),('Semester3',),('1',),('shivu',),14:28:42,04/22/23/04/2023,Present
('Civil',),('Semester2',),('3',),('shanthu',),14:28:42,04/22/23/04/2023,Present
('Civil',),('Semester2',),('3',),('shanthu',),14:28:42,04/22/23/04/2023,Present
('Civil',),('Semester4',),('2',),('priya',),14:28:42,04/22/23/04/2023,Present
('Civil',),('Semester4',),('2',),('priya',),14:28:42,04/22/23/04/2023,Present
('Civil',),('Semester3',),('1',),('shivu',),14:28:42,04/22/23/04/2023,Present
('Civil',),('Semester3',),('1',),('shivu',),14:28:42,04/22/23/04/2023,Present
('Civil',),('Semester4',),('2',),('priya',),14:28:42,04/22/23/04/2023,Present
('Civil',),('Semester4',),('2',),('priya',),14:28:42,04/22/23/04/2023,Present
('Civil',),('Semester2',),('3',),('shanthu',),14:28:42,04/22/23/04/2023,Present
('Civil',),('Semester2',),('3',),('shanthu',),14:28:42,04/22/23/04/2023,Present
('Civil',),('Semester3',),('1',),('shivu',),14:28:42,04/22/23/04/2023,Present
('Civil',),('Semester3',),('1',),('shivu',),14:28:42,04/22/23/04/2023,Present
('Civil',),('Semester4',),('2',),('priya',),14:28:43,04/22/23/04/2023,Present
('Civil',),('Semester4',),('2',),('priya',),14:28:43,04/22/23/04/2023,Present
('Civil',),('Semester2',),('3',),('shanthu',),14:28:43,04/22/23/04/2023,Present
('Civil',),('Semester2',),('3',),('shanthu',),14:28:43,04/22/23/04/2023,Present
('Civil',),('Semester2',),('3',),('shanthu',),14:28:43,04/22/23/04/2023,Present
('Civil',),('Semester2',),('3',),('shanthu',),14:28:43,04/22/23/04/2023,Present
('Civil',),('Semester2',),('3',),('shanthu',),14:28:43,04/22/23/04/2023,Present
('Civil',),('Semester2',),('3',),('shanthu',),14:28:43,04/22/23/04/2023,Present
('Civil',),('Semester2',),('3',),('shanthu',),14:28:44,04/22/23/04/2023,Present
('Civil',),('Semester2',),('3',),('shanthu',),14:28:44,04/22/23/04/2023,Present
('Civil',),('Semester4',),('2',),('priya',),14:28:44,04/22/23/04/2023,Present
('Civil',),('Semester4',),('2',),('priya',),14:28:44,04/22/23/04/2023,Present
('Civil',),('Semester4',),('2',),('priya',),14:28:44,04/22/23/04/2023,Present
('Civil',),('Semester4',),('2',),('priya',),14:28:44,04/22/23/04/2023,Present
('Civil',),('Semester4',),('2',),('priya',),14:28:45,04/22/23/04/2023,Present
('Civil',),('Semester4',),('2',),('priya',),14:28:45,04/22/23/04/2023,Present
('Civil',),('Semester4',),('2',),('priya',),14:28:45,04/22/23/04/2023,Present
('Civil',),('Semester4',),('2',),('priya',),14:28:45,04/22/23/04/2023,Present
('Civil',),('Semester4',),('2',),('priya',),14:28:45,04/22/23/04/2023,Present
('Civil',),('Semester4',),('2',),('priya',),14:28:45,04/22/23/04/2023,Present
('Civil',),('Semester4',),('2',),('priya',),14:28:45,04/22/23/04/2023,Present
('Civil',),('Semester4',),('2',),('priya',),14:28:45,04/22/23/04/2023,Present
('Civil',),('Semester4',),('2',),('priya',),14:28:45,04/22/23/04/2023,Present
('Civil',),('Semester4',),('2',),('priya',),14:28:45,04/22/23/04/2023,Present
('Civil',),('Semester2',),('3',),('shanthu',),14:28:46,04/22/23/04/2023,Present
('Civil',),('Semester2',),('3',),('shanthu',),14:28:46,04/22/23/04/2023,Present
('Civil',),('Semester2',),('3',),('shanthu',),14:28:46,04/22/23/04/2023,Present
('Civil',),('Semester2',),('3',),('shanthu',),14:28:46,04/22/23/04/2023,Present